,Title,Artist,id,artist_genres,Year,is_top100,acousticness,danceability,duration_ms,energy,instrumentalness,key,liveness,loudness,mode,speechiness,tempo,time_signature,valence
4,Devil Eyes,Hippie Sabotage,7MiZjKawmXTsTNePyTfPyL,['edm'],2016,0,0.702,0.391,131272,0.396,0.405,1,0.315,-8.621,0,0.189,99.112,5,0.199
5,Kvish Hachof,Static & Ben El,71Fr6FjccDocFjtsBmQHgk,"['israeli pop', 'jewish pop']",2016,0,0.157,0.736,193856,0.811,0.0,10,0.144,-4.525,1,0.0633,92.995,4,0.743
9,Thinking About It (Let It Go) - KVR Remix,Nathan Goshen,2QEUeChc4xJYVQO74hXcrW,['israeli pop'],2016,0,0.0136,0.694,183564,0.765,0.0,4,0.154,-7.078,0,0.0297,100.985,4,0.577
17,Ad Hamidbar,DJ Only,7jdvibTKMCbIP2B77ayD8Q,['israeli pop'],2016,0,0.462,0.657,204696,0.876,0.0,0,0.0787,-3.976,0,0.0755,104.971,4,0.561
21,Act III: The Reason,Dennis Lloyd,3HIIJAt82X8huRUu5eC7lh,['israeli pop'],2016,0,0.188,0.774,194535,0.782,0.0,10,0.0903,-1.434,0,0.0492,95.043,4,0.58
23,Silsulim,Static & Ben El,1g0IBPZTRP7VYkctJ4Qafg,"['israeli pop', 'jewish pop']",2016,0,0.054,0.758,220464,0.869,0.0,6,0.0954,-2.947,0,0.0347,95.011,4,0.371
25,Lost on You,LP,4oIRvB5YFuh4N7xFK5AEPh,['la pop'],2016,0,0.1,0.433,268105,0.724,0.0,5,0.0918,-6.126,0,0.0372,174.006,4,0.689
26,Way Down We Go,KALEO,0y1QJc3SJVPKJ1OvFmFqe6,"['icelandic indie', 'icelandic rock', 'modern alternative rock', 'modern rock']",2016,0,0.579,0.489,213707,0.505,0.000333,10,0.104,-8.022,0,0.117,163.255,4,0.337
27,hate u love u,Olivia O'Brien,6ATgDc6e4sPn84hvJsAmPt,"['dance pop', 'electropop', 'pop', 'post-teen pop']",2016,0,0.661,0.407,175467,0.416,0.0,6,0.0981,-8.916,0,0.175,179.947,4,0.244
28,In the Name of Love,Martin Garrix,23L5CiUhw2jV1OIMwthR3S,"['big room', 'edm', 'pop', 'progressive house', 'tropical house']",2016,0,0.109,0.501,195707,0.519,0.0,4,0.454,-5.88,0,0.0409,133.99,4,0.168
29,Dark Necessities,Red Hot Chili Peppers,2oaK4JLVnmRGIO9ytBE1bt,"['alternative rock', 'funk metal', 'funk rock', 'permanent wave', 'post-grunge', 'rock']",2016,0,0.0722,0.7,302000,0.742,0.0199,5,0.11,-6.777,0,0.0716,91.959,4,0.197
30,Think About It,Dennis Lloyd,4Yubb5GQW1aT9Zcb5ykOkh,['israeli pop'],2016,0,0.564,0.478,191688,0.509,0.00181,4,0.228,-9.252,1,0.2,143.7,4,0.0599
33,Six Feet Under,Billie Eilish,2VlLbhGLVJgdOW7kKdWWFc,"['electropop', 'pop']",2016,0,0.807,0.576,189613,0.307,0.000355,11,0.0792,-12.732,0,0.0428,67.513,4,0.157
34,Million Reasons,Lady Gaga,7dZ1Odmx9jWIweQSatnRqo,"['dance pop', 'pop', 'post-teen pop']",2016,0,0.494,0.666,205280,0.423,0.0,0,0.106,-8.012,1,0.043,129.89,4,0.154
38,I Follow Rivers,Roni Alter,4a2MIdV2CBdA9mUOgi0RWR,[],2016,0,0.728,0.576,206354,0.235,0.101,4,0.0993,-14.41,0,0.0271,92.893,4,0.277
39,The Greatest (feat. Kendrick Lamar),Sia,7xHWNBFm6ObGEQPaUxHuKO,"['australian dance', 'australian pop', 'dance pop', 'pop']",2016,0,0.0102,0.668,210227,0.725,0.000479,1,0.0561,-6.127,1,0.266,191.944,4,0.729
40,Fight Song,Rachel Platten,37f4ITSlgPX81ad2EvmVQr,"['pop', 'post-teen pop', 'viral pop']",2016,0,0.0549,0.564,204013,0.714,0.0,7,0.155,-4.987,1,0.129,175.924,4,0.33
41,Nevermind,Dennis Lloyd,3PHjgrovCBjQQl5Np5YQBy,['israeli pop'],2016,0,0.333,0.421,150471,0.472,0.0,10,0.117,-7.414,0,0.102,85.054,4,0.528
43,Analyzing,Dennis Lloyd,1m4Q4BxRmuRHOCVsesAHTH,['israeli pop'],2016,0,0.026,0.6,181448,0.616,0.0,7,0.11,-3.046,0,0.0365,86.942,4,0.14
44,"How Far I'll Go - From ""Moana""",Alessia Cara,5EbX5xL3O2xT8FxCpYzgUO,"['canadian contemporary r&b', 'canadian pop', 'dance pop', 'electropop', 'pop', 'post-teen pop']",2016,0,0.155,0.309,175517,0.544,0.000265,9,0.0727,-9.621,1,0.352,180.979,4,0.16
45,Act I: We Both Go Down,Dennis Lloyd,3CRnA1WqtVl4TdS2zv0etr,['israeli pop'],2016,0,0.535,0.643,175518,0.657,0.0,7,0.0846,-2.167,0,0.048,93.961,4,0.377
46,Act II: Can't Go Back,Dennis Lloyd,1NKbgxvn11sZCsUh64nDmh,['israeli pop'],2016,0,0.287,0.787,184817,0.619,0.0,8,0.124,-3.67,1,0.103,124.64,4,0.676
47,Stam,Static & Ben El,1UxPPRzZOUhZPTslSjzagr,"['israeli pop', 'jewish pop']",2016,0,0.436,0.807,167688,0.793,1.55e-05,6,0.265,-4.621,1,0.0483,99.968,4,0.81
49,I Took A Pill In Ibiza - Seeb Remix,Mike Posner,0vbtURX4qv1l7besfwmnD8,"['dance pop', 'pop', 'pop rap']",2016,0,0.0353,0.663,197933,0.713,7.68e-06,7,0.0843,-6.647,0,0.112,101.965,4,0.69
51,Dang! (feat. Anderson .Paak),Mac Miller,5iUQMwxUPdJBFeGkePtM66,"['hip hop', 'pittsburgh rap', 'rap']",2016,0,0.00826,0.836,305350,0.67,0.000355,5,0.0837,-6.907,0,0.23,107.018,4,0.556
52,Ish Shel Layla,Roni Dalumi,7HoHkBv5O9Kx1PL0BFKFdu,['israeli pop'],2016,0,0.587,0.538,191360,0.675,0.0,8,0.124,-4.995,0,0.0322,154.129,4,0.566
53,Formation,Beyoncé,6g0Orsxv6glTJCt4cHsRsQ,"['dance pop', 'pop', 'post-teen pop', 'r&b']",2016,0,0.00532,0.896,206080,0.621,0.0,5,0.196,-6.857,0,0.237,121.966,4,0.818
54,Alone,Marshmello,3MEYFivt6bilQ9q9mFWZ4g,"['brostep', 'progressive electro house']",2016,0,0.0241,0.631,273803,0.953,0.0155,2,0.108,-3.739,1,0.0343,141.99,4,0.422
55,Go Fuck Yourself,Two Feet,4NZrZgrRoR4GwR7flWOXRI,"['indie poptimism', 'modern rock']",2016,0,0.571,0.765,129600,0.327,0.0479,6,0.0787,-8.029,1,0.277,74.931,4,0.292
56,Unstoppable,Sia,2J2Z1SkXYghSajLibnQHOa,"['australian dance', 'australian pop', 'dance pop', 'pop']",2016,0,0.112,0.468,217747,0.779,0.000373,9,0.101,-4.839,1,0.0779,173.799,4,0.26
57,Can I Be Him,James Arthur,5ZMCXFJe9EyL9TM6PrA56U,"['pop', 'post-teen pop', 'talent show', 'uk pop']",2016,0,0.308,0.696,246880,0.543,0.0,11,0.0939,-6.164,1,0.0489,107.969,4,0.479
59,Come Down,Anderson .Paak,276zciJ7Fg7Jk6Ta6QuLkp,['escape room'],2016,0,0.271,0.841,169727,0.898,0.0151,8,0.304,-7.135,1,0.104,98.401,4,0.931
61,Against All Odds (Take a Look at Me Now) - 2016 Remaster,Phil Collins,63CHa6rmamv9OsehkRD8oz,"['mellow gold', 'soft rock']",2016,0,0.198,0.58,206360,0.498,0.0,1,0.132,-6.901,1,0.0277,116.271,4,0.111
62,Ophelia,The Lumineers,5NORWMFC27ywGSZxi8uquP,"['folk-pop', 'modern rock', 'stomp and holler']",2016,0,0.613,0.664,160097,0.573,0.000363,5,0.0857,-6.519,1,0.0277,76.023,4,0.566
64,How Far I'll Go,Auli'i Cravalho,6mb6lVLNrcUgLnEN8QnDJd,"['disney', 'hollywood', 'movie tunes', 'show tunes']",2016,0,0.649,0.571,163387,0.307,0.0,1,0.178,-10.958,0,0.0499,83.72,4,0.108
65,Alive,Sia,4E3afPSY5fUEelQS9ppL0e,"['australian dance', 'australian pop', 'dance pop', 'pop']",2016,0,0.254,0.508,263520,0.762,0.000122,6,0.108,-4.217,0,0.0489,99.963,4,0.444
67,Demons,Dennis Lloyd,7AmXI4suuSX87eUXybDHM9,['israeli pop'],2016,0,0.571,0.57,177294,0.372,7.21e-06,7,0.0797,-9.593,0,0.121,125.545,4,0.217
69,My Way,Calvin Harris,1vvNmPOiUuyCbgWmtc6yfm,"['dance pop', 'edm', 'electro house', 'house', 'pop', 'progressive house', 'tropical house', 'uk dance']",2016,0,0.0935,0.819,219160,0.913,3.72e-05,4,0.161,-3.059,0,0.0427,119.989,4,0.536
70,Chill Bill (feat. J. Davi$ & Spooks),Rob $tone,5uDASfU19gDxSjW8cnCaBp,['san diego rap'],2016,0,0.0312,0.886,177184,0.427,0.00099,6,0.0906,-10.028,1,0.145,108.034,4,0.23
72,Hold Up,Beyoncé,0rzNMzZsubFcXSEh7dnem7,"['dance pop', 'pop', 'post-teen pop', 'r&b']",2016,0,0.745,0.524,221093,0.397,0.0,0,0.521,-11.936,1,0.405,80.744,4,0.552
73,You're Welcome,Dwayne Johnson,6U4VqEHy4n5VeiH4pQPL24,[],2016,0,0.29,0.788,163893,0.745,0.0,5,0.0373,-7.072,1,0.258,135.278,4,0.672
75,Pink + White,Frank Ocean,3xKsf9qdS1CyvXSMEid6g8,"['alternative r&b', 'hip hop', 'lgbtq+ hip hop', 'neo soul', 'pop']",2016,0,0.67,0.544,184516,0.552,4.57e-05,9,0.415,-7.45,1,0.0991,159.738,3,0.554
76,Nights,Frank Ocean,7eqoqGkKwgOaWNNHx90uEZ,"['alternative r&b', 'hip hop', 'lgbtq+ hip hop', 'neo soul', 'pop']",2016,0,0.42,0.466,307151,0.548,1.01e-06,5,0.113,-9.362,0,0.118,89.815,4,0.423
78,Cold Little Heart,Michael Kiwanuka,0qprlw0jfsW4H9cG0FFE0Z,"['british soul', 'neo soul', 'soul']",2016,0,0.487,0.489,597600,0.404,0.0485,8,0.14,-7.815,1,0.0261,108.01,4,0.153
79,Broken,Lund,2BmCen4Ww7ps0EBbobxWsH,"['emo rap', 'modern rock', 'pop rap']",2016,0,0.0423,0.828,200627,0.581,0.000903,0,0.109,-2.659,1,0.0429,133.999,4,0.145
80,Stole the Show,Kygo,5masKPHeAOVNgxdLebIcK7,"['edm', 'pop', 'tropical house']",2016,0,0.271,0.64,223187,0.635,0.0,8,0.319,-7.565,0,0.226,100.034,4,0.475
82,Go Flex,Post Malone,5yuShbu70mtHXY0yLzCQLQ,"['dfw rap', 'melodic rap', 'rap']",2016,0,0.228,0.665,179613,0.498,0.0,5,0.0757,-8.185,1,0.0831,81.967,4,0.127
83,Good as Hell,Lizzo,3Yh9lZcWyKrK9GjbhuS0hR,"['escape room', 'minnesota hip hop', 'pop', 'pop rap', 'trap queen']",2016,0,0.256,0.682,159736,0.919,0.0,0,0.442,-3.18,0,0.0875,95.982,4,0.535
87,Fuck It up (feat. Yg),Kamaiyah,4rr19p6NPfg8oUazZQnkS8,['cali rap'],2016,0,0.432,0.634,141845,0.669,0.0,0,0.552,-7.369,1,0.0682,98.044,4,0.431
89,Firestone (feat. Conrad Sewell),Kygo,1I8tHoNBFTuoJAlh4hfVVE,"['edm', 'pop', 'tropical house']",2016,0,0.408,0.486,273684,0.652,6.63e-05,11,0.077,-7.226,0,0.052,113.055,4,0.391
90,Ain't Your Mama,Jennifer Lopez,2hgzdQdnfWwtdpZbhZlV72,"['dance pop', 'pop', 'pop rap', 'post-teen pop', 'urban contemporary']",2016,0,0.0472,0.757,218235,0.678,9.14e-06,8,0.0654,-5.529,0,0.233,120.075,4,0.82
91,Spirits,The Strumbellas,7GJ572zvnU94VZVrj5XRtb,"['canadian folk', 'canadian indie', 'folk-pop', 'pop rock', 'stomp and holler']",2016,0,0.163,0.556,203653,0.658,0.0,0,0.113,-6.075,1,0.0265,80.529,4,0.787
92,beibs in the trap,Travis Scott,0ESJlaM8CE1jRWaNtwSNj8,['rap'],2016,0,0.24,0.743,213863,0.571,0.0,7,0.291,-6.054,0,0.145,119.054,4,0.495
93,Money Longer,Lil Uzi Vert,0B8QzDH7YWih85V5SEMnyJ,"['melodic rap', 'philly rap', 'rap']",2016,0,0.0541,0.795,198944,0.568,0.0,5,0.108,-7.817,0,0.142,136.173,4,0.478
94,My Favorite Part,Mac Miller,66wkCYWlXzSTQAfnsPBptt,"['hip hop', 'pittsburgh rap', 'rap']",2016,0,0.627,0.861,216000,0.33,1.93e-06,6,0.14,-7.194,1,0.0526,95.016,4,0.718
95,Люби меня,MiyaGi & Endspiel,0r5Nq9NExhHRcApKfFUBzk,"['estonian hip hop', 'russian hip hop', 'russian trap', 'uzbek pop']",2016,0,0.436,0.628,318353,0.621,0.0,2,0.119,-6.033,0,0.205,145.974,4,0.63
97,"Psycho, Pt. 2",Russ,26OhjtaTamFocE08t83ml6,"['hawaiian hip hop', 'pop', 'rap']",2016,0,0.775,0.766,161985,0.548,5.57e-06,10,0.1,-4.29,1,0.235,82.944,4,0.424
98,sex,EDEN,26ZX2JrAb8AFbr8FFfAsO7,"['indie poptimism', 'modern rock', 'pop']",2016,0,0.162,0.413,218808,0.521,0.0,9,0.323,-4.469,1,0.0466,103.391,4,0.532
99,Neighbors,J. Cole,0utlOiJy2weVl9WTkcEWHy,"['conscious hip hop', 'hip hop', 'nc hip hop', 'rap']",2016,0,0.319,0.898,216520,0.283,0.000383,6,0.11,-12.335,0,0.356,138.97,4,0.469
100,Versace on the Floor,Bruno Mars,0kN8xEmgMW9mh7UmDYHlJP,"['pop', 'post-teen pop']",2016,0,0.196,0.578,261240,0.574,0.0,2,0.083,-6.209,1,0.0454,174.152,4,0.301
101,Superhero,Unknown Brain,7EYv3adMrIC5mqurz7fHhD,"['bass trap', 'gaming edm', 'traprun']",2016,0,0.028,0.669,179225,0.937,1.79e-05,8,0.318,-4.054,0,0.0714,75.013,4,0.223
102,XO,EDEN,0ZAiqymvbQUZAh9y6ZT3Rm,"['indie poptimism', 'modern rock', 'pop']",2016,0,0.625,0.611,159512,0.39,0.0,2,0.118,-5.861,0,0.116,163.897,4,0.617
104,DUELE EL CORAZON,Enrique Iglesias,6YZdkObH88npeKrrkb8Ggf,"['dance pop', 'latin', 'latin pop', 'mexican pop', 'pop', 'tropical']",2016,0,0.0786,0.724,200813,0.904,0.0,8,0.226,-3.354,0,0.0966,90.999,4,0.846
105,Love & Hate,Michael Kiwanuka,7oOEFDLSQscl0uGulnIEmG,"['british soul', 'neo soul', 'soul']",2016,0,0.157,0.278,427093,0.494,0.000407,7,0.173,-7.853,0,0.029,169.661,4,0.527
106,Ivy,Frank Ocean,2ZWlPOoWh0626oTaHrnl2a,"['alternative r&b', 'hip hop', 'lgbtq+ hip hop', 'neo soul', 'pop']",2016,0,0.782,0.567,249191,0.388,0.000309,9,0.248,-9.579,0,0.0384,116.362,4,0.452
107,This Girl (Kungs Vs. Cookin' On 3 Burners),Kungs,1A8j067qyiNwQnZT0bzUpZ,"['deep tropical house', 'edm', 'new french touch', 'tropical house']",2016,0,0.0927,0.792,195547,0.717,3.59e-05,0,0.226,-4.759,0,0.0393,121.985,4,0.466
108,Are You With Me,Lost Frequencies,4255amV4enzl28KAn16rUO,"['belgian edm', 'edm', 'pop', 'tropical house']",2016,0,0.262,0.763,138013,0.608,2.5e-05,5,0.12,-8.1,0,0.035,121.02,4,0.393
110,Min Zaman,Bint El Funk,1KK5dcqKKo7e55S8mc2wUe,[],2016,0,0.381,0.677,260784,0.444,0.00241,1,0.0713,-10.709,1,0.0732,79.702,4,0.41
111,Die For You,The Weeknd,2Ch7LmS7r2Gy2kc64wv3Bz,"['canadian contemporary r&b', 'canadian pop', 'pop']",2016,0,0.111,0.586,260253,0.525,0.0,1,0.134,-7.163,0,0.0615,133.629,4,0.508
112,Reality,Lost Frequencies,1Mys1gf9SkMBAVGGxpkJ7d,"['belgian edm', 'edm', 'pop', 'tropical house']",2016,0,0.0197,0.714,159480,0.697,2e-06,1,0.0697,-7.887,0,0.032,122.145,4,0.602
113,X (feat. Future),21 Savage,6fwdbPMwP1zVStm8FybmkO,"['atl hip hop', 'rap', 'trap']",2016,0,0.373,0.835,258880,0.413,0.00133,1,0.101,-9.81,1,0.396,149.004,4,0.111
114,Photosynthesis,Saba,3DlgDXIYtnWtJKiB8bZQMv,"['chicago rap', 'hip hop', 'rap', 'underground hip hop']",2016,0,0.536,0.777,201733,0.662,4.61e-06,7,0.593,-8.393,1,0.27,111.13,4,0.634
115,Sleep On The Floor,The Lumineers,44uOreAESeRIBaxkuCW4wN,"['folk-pop', 'modern rock', 'stomp and holler']",2016,0,0.249,0.389,211851,0.431,0.0,7,0.13,-8.061,1,0.0344,142.14,4,0.275
118,I Can't Go On Without You,KALEO,1dX6oGAG5PaexuPj29PsYd,"['icelandic indie', 'icelandic rock', 'modern alternative rock', 'modern rock']",2016,0,0.655,0.368,377000,0.267,2.24e-05,8,0.0834,-9.395,0,0.0428,91.88,4,0.194
119,Reminder,The Weeknd,37F0uwRSrdzkBiuj0D5UHI,"['canadian contemporary r&b', 'canadian pop', 'pop']",2016,0,0.142,0.705,218880,0.505,0.0,8,0.164,-6.923,1,0.192,160.043,4,0.391
120,Love Myself,Hailee Steinfeld,36phXHOKx8rO7CMp2vNX4x,"['dance pop', 'pop', 'post-teen pop']",2016,0,0.0026,0.617,218773,0.759,0.0,0,0.419,-6.785,0,0.0677,122.925,4,0.324
121,Emperor's New Clothes,Panic! At The Disco,3px2rAPu74ltbkf9eZsZ8h,"['baroque pop', 'emo', 'modern rock']",2016,0,0.00302,0.562,158667,0.904,0.0,1,0.0433,-4.947,1,0.0807,94.481,4,0.651
122,PRBLMS,6LACK,4AtZRwSR8BOTTQg5ihSggt,"['alternative r&b', 'atl hip hop', 'hip hop', 'melodic rap', 'pop', 'pop rap', 'rap', 'trap']",2016,0,0.0307,0.417,246773,0.58,1.45e-06,9,0.179,-4.574,1,0.207,68.58,5,0.139
123,Makeba,Jain,5JdLUE9D743ob2RtgmVpVx,['french indie pop'],2016,0,0.388,0.824,249533,0.656,0.506,2,0.253,-9.432,1,0.0704,116.068,4,0.418
124,Vente Pa' Ca,Ricky Martin,7DM4BPaS7uofFul3ywMe46,"['dance pop', 'latin', 'latin pop', 'mexican pop', 'puerto rican pop']",2016,0,0.00431,0.663,259196,0.92,1.69e-05,11,0.101,-4.07,0,0.226,99.935,4,0.533
126,Islands in the Stream,Dolly Parton,6apPqjW8ezpKEicAkkBlvO,"['classic country pop', 'country', 'country dawn']",2016,0,0.68,0.611,250053,0.524,0.0,8,0.0753,-8.256,1,0.035,203.787,4,0.73
127,Father Stretch My Hands Pt. 1,Kanye West,4KW1lqgSr8TKrvBII0Brf8,"['chicago rap', 'rap']",2016,0,0.118,0.724,135920,0.573,0.0,7,0.538,-4.113,1,0.0549,113.088,4,0.438
129,Solo Dance,Martin Jensen,10AsRVRdU07cMAFHeGYO3c,"['big room', 'dance pop', 'danish electronic', 'deep tropical house', 'edm', 'electro house', 'pop', 'pop edm', 'tropical house']",2016,0,0.0485,0.746,174933,0.846,0.0,9,0.195,-2.432,1,0.048,114.955,4,0.403
130,7 Years (Remix),Sik World,1kFlDnWmBTvCBxxeGDpIdp,"['pop rap', 'rap']",2016,0,0.227,0.811,134197,0.609,0.0,10,0.102,-8.376,1,0.0996,120.071,4,0.439
131,You Don't Own Me,SAYGRACE,6KI1ZpZWYAJLvmVhCJz65G,"['pop', 'r&b']",2016,0,0.159,0.332,201493,0.635,2.79e-06,7,0.0599,-5.653,1,0.0898,186.249,3,0.261
132,Mama Said,Lukas Graham,5ArQzSBevAdXTxRY6Ulhbq,"['danish pop', 'pop', 'scandipop']",2016,0,0.0447,0.712,206903,0.799,6.4e-05,7,0.37,-4.564,0,0.0703,83.996,4,0.591
133,Time After Time,Iron & Wine,5kOBEsqVNwi4udPRbagNIV,"['chamber pop', 'indie folk', 'indie pop', 'neo mellow', 'stomp and holler']",2016,0,0.814,0.628,170217,0.248,0.0602,1,0.111,-13.304,1,0.032,125.298,4,0.646
135,Wat's Wrong (feat. Zacari & Kendrick Lamar),Isaiah Rashad,2RPbEp0DyBVlkRvvYKopO7,"['hip hop', 'rap', 'underground hip hop']",2016,0,0.151,0.706,330783,0.688,0.0,1,0.466,-6.357,1,0.269,125.966,4,0.313
136,You Want It Darker,Leonard Cohen,5zb7npjQqoJ7Kcpq4yD9qn,"['canadian folk', 'canadian singer-songwriter', 'folk', 'folk rock', 'melancholia', 'permanent wave', 'singer-songwriter']",2016,0,0.613,0.674,284373,0.327,0.199,4,0.0756,-16.986,0,0.0574,108.995,4,0.494
137,Sorry,Beyoncé,0lnIJmgcUpEpe4AZACjayW,"['dance pop', 'pop', 'post-teen pop', 'r&b']",2016,0,0.00175,0.775,232560,0.598,4.44e-06,2,0.253,-7.274,1,0.0535,129.988,4,0.356
138,Reggaetón Lento (Bailemos),CNCO,3AEZUABDXNtecAOSC1qTfo,"['boy band', 'latin', 'latin pop', 'reggaeton', 'tropical']",2016,0,0.4,0.761,222560,0.838,0.0,4,0.176,-3.073,0,0.0502,93.974,4,0.71
139,Deep Jungle Walk,Astrix,5gXKDmafOQ8i4lYr62wxTk,"['full on', 'nitzhonot', 'psychedelic trance']",2016,0,0.000656,0.618,555705,0.885,0.502,6,0.37,-8.347,0,0.0453,138.029,4,0.105
140,Party Monster,The Weeknd,4F7A0DXBrmUAkp32uenhZt,"['canadian contemporary r&b', 'canadian pop', 'pop']",2016,0,0.188,0.572,249213,0.631,2.31e-05,1,0.259,-8.389,1,0.104,77.519,4,0.219
141,Foreplay,Jalen Santoy,28luqgS4NCuFKP6YSOtia5,"['nc hip hop', 'underground hip hop']",2016,0,0.123,0.73,173785,0.422,0.00292,5,0.105,-6.211,0,0.0678,118.427,4,0.505
142,All The Pretty Girls,KALEO,0QQIhT6PtJ5glyn4HKNKQ6,"['icelandic indie', 'icelandic rock', 'modern alternative rock', 'modern rock']",2016,0,0.626,0.466,269893,0.496,6.22e-06,1,0.117,-6.606,1,0.0302,74.747,4,0.352
143,Atlantis,Seafret,1Fid2jjqsHViMX6xNH70hE,"['folk-pop', 'indie anthem-folk', 'modern rock']",2016,0,0.0529,0.4,229173,0.479,2.14e-06,8,0.115,-7.989,0,0.0308,166.159,4,0.213
144,Can't Help Falling in Love,Haley Reinhart,6yIHGmQLJxWAUZ1ZkENemN,['idol'],2016,0,0.947,0.41,173175,0.0485,0.0,0,0.108,-13.918,1,0.038,137.97,4,0.247
145,Pull The Trigger,Russ,2oy5kjcc7itM64xk00Gz2c,"['hawaiian hip hop', 'pop', 'rap']",2016,0,0.305,0.623,156560,0.651,0.0,4,0.101,-6.988,0,0.345,82.078,4,0.296
146,Famous,Kanye West,19a3JfW8BQwqHWUMbcqSx8,"['chicago rap', 'rap']",2016,0,0.0711,0.465,196040,0.735,0.0,6,0.0975,-3.715,1,0.117,173.935,4,0.409
147,Daddy Lessons,Beyoncé,71OvX5NNLrmz7rpq1ANTQn,"['dance pop', 'pop', 'post-teen pop', 'r&b']",2016,0,0.273,0.643,287987,0.503,0.0,7,0.349,-8.37,1,0.216,90.886,4,0.598
148,'74-'75,The Connells,7y4b4rofQZMftfTmu4FTfy,"['jangle pop', 'pop rock']",2016,0,0.189,0.529,277533,0.586,0.00289,11,0.0649,-9.165,1,0.025,143.982,4,0.422
149,River Of Tears,Alessia Cara,3ArYVrRb0lDBLzuJJqIXzC,"['canadian contemporary r&b', 'canadian pop', 'dance pop', 'electropop', 'pop', 'post-teen pop']",2016,0,0.928,0.388,254507,0.372,0.0,6,0.146,-5.72,1,0.0468,89.701,4,0.285
150,Sidewalks,The Weeknd,4h90qkbnW1Qq6pBhoPvwko,"['canadian contemporary r&b', 'canadian pop', 'pop']",2016,0,0.147,0.542,231360,0.721,0.0,1,0.348,-5.136,0,0.0625,149.831,4,0.623
151,Purple Lamborghini (with Rick Ross),Skrillex,6JyuJFedEvPmdWQW0PkbGJ,"['brostep', 'complextro', 'edm', 'electro']",2016,0,0.0019,0.457,215510,0.899,0.0,10,0.831,-2.591,0,0.132,147.268,4,0.298
152,Feel Invincible,Skillet,0i8JFpqe9cKwnrcvoNgl1L,"['alternative metal', 'christian alternative rock', 'christian music', 'christian rock', 'post-grunge']",2016,0,0.00045,0.603,229933,0.886,0.0,5,0.26,-3.777,0,0.0837,126.025,4,0.395
153,Self Control,Frank Ocean,5GUYJTQap5F3RDQiCOJhrS,"['alternative r&b', 'hip hop', 'lgbtq+ hip hop', 'neo soul', 'pop']",2016,0,0.765,0.572,249668,0.209,0.0,8,0.356,-10.413,1,0.0313,80.069,4,0.446
154,pick up the phone,Young Thug,20dP2DaMHIAmwWAbp7peSr,"['atl hip hop', 'atl trap', 'gangster rap', 'melodic rap', 'pop rap', 'rap', 'trap']",2016,0,0.114,0.711,252256,0.739,0.0,7,0.226,-3.804,0,0.129,136.919,4,0.43
155,No Money,Galantis,0gb1J5UrTpzaU1s3nupgCd,"['big room', 'dance pop', 'edm', 'electro house', 'pop', 'tropical house']",2016,0,0.0282,0.671,189127,0.916,0.00762,6,0.24,-4.014,0,0.0397,126.01,4,0.803
156,Jocelyn Flores,XXXTENTACION,7m9OqQk4RVRkw9JJdeAw96,"['emo rap', 'miami hip hop']",2017,0,0.469,0.872,119133,0.391,4.13e-06,0,0.297,-9.144,0,0.242,134.021,4,0.437
158,As a Stone,Full Trunk,0odehEKB3SeuY8NIm9kBT4,['israeli rock'],2017,0,0.355,0.645,259023,0.763,0.349,10,0.302,-4.705,0,0.0351,82.448,4,0.559
161,Everybody Dies In Their Nightmares,XXXTENTACION,3GVkPk8mqxz0itaAriG1L7,"['emo rap', 'miami hip hop']",2017,0,0.847,0.734,95467,0.57,2.14e-05,7,0.112,-7.066,0,0.133,129.953,4,0.689
162,Leftovers,Dennis Lloyd,0dcuGoAIPAT7OrP5CGSVBA,['israeli pop'],2017,0,0.676,0.724,192628,0.304,0.0,10,0.104,-11.462,0,0.23,153.906,3,0.305
165,ocean eyes,Billie Eilish,7hDVYcQq6MxkdJGweuCtl9,"['electropop', 'pop']",2017,0,0.816,0.511,200379,0.363,0.0317,4,0.084,-7.65,0,0.041,144.892,4,0.169
168,Dusk Till Dawn - Radio Edit,ZAYN,1j4kHkkpqZRBwE0A4CN4Yv,"['dance pop', 'electropop', 'pop', 'post-teen pop', 'uk pop']",2017,0,0.101,0.258,239000,0.437,1.27e-06,11,0.106,-6.593,0,0.039,180.043,4,0.0967
171,XO Tour Llif3,Lil Uzi Vert,7GX5flRQZVHRAGd6B4TmDO,"['melodic rap', 'philly rap', 'rap']",2017,0,0.00264,0.732,182707,0.75,0.0,11,0.109,-6.366,0,0.231,155.096,4,0.401
172,Fuck Love (feat. Trippie Redd),XXXTENTACION,7AQim7LbvFVZJE3O8TYgf2,"['emo rap', 'miami hip hop']",2017,0,0.0172,0.797,146520,0.533,0.000152,0,0.103,-9.74,0,0.0412,131.036,4,0.329
173,idontwannabeyouanymore,Billie Eilish,41zXlQxzTi6cGAjpOXyLYH,"['electropop', 'pop']",2017,0,0.737,0.483,203569,0.412,0.0,7,0.116,-8.461,1,0.0402,170.163,3,0.247
175,Ulay Nedaber,Nadav Guedj,4wt1jIFzgeRnWpj8iKWeZf,"['eurovision', 'israeli pop']",2017,0,0.117,0.537,206921,0.719,0.0,11,0.0865,-4.534,1,0.0613,107.682,3,0.477
178,26,Nathan Goshen,2UB6icX4p7jmCnpg5ndJEo,['israeli pop'],2017,0,0.0333,0.47,197773,0.832,0.0,1,0.0937,-5.606,0,0.12,193.93,4,0.679
179,More Than You Know,Axwell /\ Ingrosso,6h5PAsRni4IRlxWr6uDPTP,"['big room', 'dance pop', 'edm', 'electro house', 'pop', 'tropical house']",2017,0,0.0275,0.646,203000,0.741,0.0,5,0.312,-4.973,0,0.034,123.077,4,0.571
180,Let's Go,Full Trunk,2gdSl386V2VIuAbFrF7T4e,['israeli rock'],2017,0,0.0921,0.611,173957,0.788,1.67e-05,1,0.364,-5.002,1,0.0294,95.992,4,0.686
184,bellyache,Billie Eilish,51NFxnQvaosfDDutk0tams,"['electropop', 'pop']",2017,0,0.46,0.695,179172,0.573,0.0734,4,0.482,-8.597,0,0.106,99.939,4,0.408
186,Happier,Ed Sheeran,2RttW7RAu5nOAfq6YFvApB,"['pop', 'uk pop']",2017,0,0.536,0.522,207520,0.385,0.0,0,0.135,-7.355,1,0.0288,89.792,4,0.236
187,Body,Loud Luxury,21RzyxY3EFaxVy6K4RqaU9,"['dance pop', 'edm', 'electro house', 'pop', 'tropical house']",2017,0,0.0476,0.752,163216,0.764,9.44e-05,1,0.0543,-4.399,1,0.038,121.958,4,0.582
188,Without You (feat. Sandro Cavazza),Avicii,6Pgkp4qUoTmJIPn7ReaGxL,"['big room', 'edm', 'pop']",2017,0,0.00163,0.662,181673,0.858,0.0,2,0.0456,-4.844,1,0.0428,133.993,4,0.295
190,Silence,Marshmello,7vGuf3Y35N4wmASOKLUVVU,"['brostep', 'progressive electro house']",2017,0,0.256,0.52,180823,0.761,4.96e-06,4,0.17,-3.093,1,0.0853,141.971,4,0.286
191,Galway Girl,Ed Sheeran,0afhq8XCExXpqazXczTSve,"['pop', 'uk pop']",2017,0,0.0735,0.624,170827,0.876,0.0,9,0.327,-3.374,1,0.1,99.943,4,0.781
192,One Last Time,Ariana Grande,7jQh02AE56kRixcfEfTO1F,"['dance pop', 'pop', 'post-teen pop']",2017,0,0.0953,0.631,197506,0.6,2.68e-06,8,0.0997,-4.98,1,0.032,125.014,4,0.103
193,Human,Rag'n'Bone Man,58zsLZPvfflaiIbNWoA22O,['neo soul'],2017,0,0.393,0.602,200187,0.707,0.0,11,0.165,-4.097,1,0.302,75.09,4,0.554
194,my boy,Billie Eilish,1RGasjWLZ4qMN7wbtkLa3u,"['electropop', 'pop']",2017,0,0.472,0.692,170852,0.394,0.000191,11,0.117,-8.745,0,0.207,89.936,4,0.324
199,Tudo Bom,Static & Ben El,6lR6VBmCIm7gZwE4msLdb9,"['israeli pop', 'jewish pop']",2017,0,0.0631,0.7,189276,0.82,1.69e-06,9,0.133,-3.103,1,0.367,130.028,4,0.725
200,"Let Me Go (with Alesso, Florida Georgia Line & watt)",Hailee Steinfeld,5Gu0PDLN4YJeW75PpBSg9p,"['dance pop', 'pop', 'post-teen pop']",2017,0,0.0337,0.663,174800,0.708,0.0,8,0.0841,-4.154,1,0.0473,103.073,4,0.742
201,COPYCAT,Billie Eilish,5w7wuzMzsDer96KqxafeRK,"['electropop', 'pop']",2017,0,0.353,0.679,194711,0.388,9.25e-05,4,0.341,-10.977,0,0.0932,124.909,4,0.234
202,Hey Hey,Full Trunk,6n1gmoNlxeYqrCKpUH0TtS,['israeli rock'],2017,0,0.0675,0.682,195883,0.762,0.0,2,0.073,-3.762,0,0.0273,94.043,4,0.836
206,Scared to Be Lonely,Martin Garrix,3ebXMykcMXOcLeJ9xZ17XH,"['big room', 'edm', 'pop', 'progressive house', 'tropical house']",2017,0,0.0895,0.584,220883,0.54,0.0,1,0.261,-7.786,0,0.0576,137.972,4,0.195
207,Hikiti,Nathan Goshen,0pRAHNjqA8SRhHddkPcYpk,['israeli pop'],2017,0,0.569,0.572,237000,0.459,7.52e-05,2,0.269,-8.322,1,0.0283,138.005,4,0.355
208,River (feat. Ed Sheeran),Eminem,1cS0TgbR263ey9jn0MwD2s,"['detroit hip hop', 'g funk', 'hip hop', 'rap']",2017,0,0.142,0.748,221013,0.749,0.0,8,0.0713,-5.916,0,0.516,90.09,4,0.659
209,Save That Shit,Lil Peep,0S0vWvyZ6Rc79TXkWxT9QA,"['emo rap', 'lgbtq+ hip hop']",2017,0,0.0262,0.534,231547,0.583,0.0,2,0.421,-8.672,1,0.0288,105.997,4,0.145
210,Zahav,Static & Ben El,0vF70TcDmYyLVktrewpNgY,"['israeli pop', 'jewish pop']",2017,0,0.128,0.847,193904,0.701,0.0,6,0.0647,-5.101,1,0.105,140.095,4,0.965
212,hostage,Billie Eilish,1WsEgieHsWWndAzLkmV105,"['electropop', 'pop']",2017,0,0.868,0.427,229426,0.123,3.12e-05,9,0.0732,-15.228,0,0.0497,129.565,5,0.0394
214,Symphony (feat. Zara Larsson),Clean Bandit,1x5sYLZiu9r5E43kMlt9f8,"['dance pop', 'edm', 'pop', 'post-teen pop', 'tropical house', 'uk dance', 'uk funky']",2017,0,0.259,0.707,212459,0.629,1.6e-05,0,0.138,-4.581,0,0.0563,122.863,4,0.457
215,Hold On,Chord Overstreet,5vjLSffimiIP26QG5WcN2K,['acoustic pop'],2017,0,0.469,0.618,198853,0.443,0.0,2,0.0829,-9.681,1,0.0526,119.949,4,0.167
219,Lust,Lil Skies,7oJrVhiTPZGBXWPwhxjy9S,"['melodic rap', 'pop rap', 'rap', 'trap']",2017,0,0.138,0.718,156000,0.767,0.0,9,0.114,-5.641,1,0.166,160.084,4,0.519
220,Jungle,Tash Sultana,6t1ahr2f1t9iSjjNFwFb4C,['australian reggae fusion'],2017,0,0.285,0.589,315603,0.699,8.11e-05,1,0.0881,-5.883,0,0.0291,145.997,4,0.496
221,watch,Billie Eilish,7eB1V5LvAdxCc7brfGhRRo,"['electropop', 'pop']",2017,0,0.333,0.441,177523,0.599,0.00198,0,0.103,-8.985,1,0.225,165.212,4,0.35
222,Hakol Letova,Static & Ben El,5JDMaE2pFTToZ7spTl9svP,"['israeli pop', 'jewish pop']",2017,0,0.248,0.708,204667,0.818,0.0,0,0.204,-4.71,0,0.114,89.928,4,0.657
223,Carry On,XXXTENTACION,2yZax79pOrYuyIFVW2cZY2,"['emo rap', 'miami hip hop']",2017,0,0.768,0.735,129720,0.197,0.000276,3,0.296,-13.378,0,0.537,147.899,4,0.383
224,Sweet Child O' Mine - Bonus,Avihu Pinchasov Rhythm Club,4Pa9fG0RSB1Fd8MBVLCkL7,[],2017,0,0.187,0.708,238800,0.948,0.0118,10,0.0844,-3.866,1,0.0394,128.035,4,0.677
226,Hashaot Haktanot,Niv Demirel,2UTkrmMCsDZmIWk4OUhWjW,"['israeli mediterranean', 'israeli pop']",2017,0,0.0934,0.5,202480,0.718,0.0,1,0.096,-6.942,0,0.0335,98.265,4,0.235
227,Lush Life,Zara Larsson,1rIKgCH4H52lrvDcz50hS8,"['dance pop', 'edm', 'pop', 'post-teen pop', 'scandipop', 'swedish electropop', 'swedish pop', 'tropical house', 'uk pop']",2017,0,0.133,0.694,201122,0.712,0.0,7,0.211,-3.923,0,0.046,98.022,4,0.799
228,Bored,Billie Eilish,04sN26COy28wTXYj3dMoiZ,"['electropop', 'pop']",2017,0,0.896,0.614,180933,0.318,0.00239,7,0.0795,-12.695,1,0.0478,119.959,4,0.112
229,Wishing Girl,Lola Marsh,0394dzVI0OsOZ7msgUgDpf,"['israeli indie', 'new americana']",2017,0,0.107,0.671,192613,0.716,3.62e-05,7,0.284,-6.578,1,0.0307,115.995,4,0.623
230,Mi Gente,J Balvin,36cOBMkXbmkE7vtt0jAdJk,"['latin', 'reggaeton']",2017,0,0.0178,0.548,189029,0.701,1.34e-05,11,0.134,-4.862,0,0.0914,104.237,4,0.309
231,Revenge,XXXTENTACION,5TXDeTFVRVY7Cvt0Dw4vWW,"['emo rap', 'miami hip hop']",2017,0,0.782,0.746,120027,0.251,0.00203,11,0.106,-16.169,0,0.259,139.999,4,0.18
232,Paris Time,Tomer Yeshayahu,6y9D5nRL3GD0L88hgyyeva,"['classic israeli pop', 'israeli rock']",2017,0,0.12,0.423,207004,0.633,0.00823,0,0.239,-6.841,1,0.0306,150.542,4,0.327
233,Cold Little Heart - Radio Edit,Michael Kiwanuka,7KX65PC1UZuImsUInThbav,"['british soul', 'neo soul', 'soul']",2017,0,0.357,0.629,210300,0.58,0.000353,7,0.436,-6.208,0,0.0278,110.264,4,0.655
234,At Ba'a Elay,Nathan Goshen,0X5o7suzG2s6BMjxVRW8bP,['israeli pop'],2017,0,0.1,0.43,198120,0.506,3.31e-05,6,0.107,-7.742,0,0.0668,93.57,4,0.217
236,Relationship (feat. Future),Young Thug,25oOaleife6E2MIKmFkPvg,"['atl hip hop', 'atl trap', 'gangster rap', 'melodic rap', 'pop rap', 'rap', 'trap']",2017,0,0.00252,0.842,215307,0.597,0.0,2,0.124,-6.336,1,0.0627,145.992,4,0.298
237,White Noise - 145 hz,Granular,6H4B9gJD6eQlNoEh8q85pP,"['sleep', 'white noise']",2017,0,0.944,0.0,135484,2.03e-05,0.869,2,0.112,-40.449,0,0.0,0.0,0,0.0
239,Stay,Zedd,6uBhi9gBXWjanegOb2Phh0,"['complextro', 'dance pop', 'edm', 'electro house', 'german techno', 'pop', 'post-teen pop', 'tropical house']",2017,0,0.253,0.69,210091,0.622,0.0,5,0.116,-5.025,0,0.0622,102.04,4,0.544
240,Plain Jane,A$AP Ferg,4dVpf9jZjcORqGTLUaeYj9,"['hip hop', 'pop rap', 'rap', 'southern hip hop', 'trap', 'underground hip hop']",2017,0,0.0651,0.797,173600,0.844,0.0,11,0.087,-5.482,1,0.275,170.142,4,0.52
241,Perfect Duet (Ed Sheeran & Beyoncé),Ed Sheeran,1bhUWB0zJMIKr9yVPrkEuI,"['pop', 'uk pop']",2017,0,0.779,0.587,259550,0.299,0.0,8,0.123,-7.365,1,0.0263,94.992,3,0.356
242,20 Min,Lil Uzi Vert,0uxSUdBrJy9Un0EYoBowng,"['melodic rap', 'philly rap', 'rap']",2017,0,0.109,0.773,220587,0.75,0.0,8,0.174,-4.009,0,0.117,123.426,4,0.783
243,party favor,Billie Eilish,3WxmlTZ85sCYFnuIXmUAEe,"['electropop', 'pop']",2017,0,0.882,0.826,204770,0.188,2.83e-06,0,0.103,-12.181,1,0.0883,130.022,4,0.205
244,Danger (with Migos & Marshmello),Migos,0nhVrTiCGiGRCoZOJiWzm1,"['atl hip hop', 'hip hop', 'pop rap', 'rap', 'trap']",2017,0,0.152,0.814,214587,0.743,0.0,9,0.163,-2.968,1,0.159,107.996,4,0.367
245,Infinity,Jaymes Young,1SOClUWhOi8vHZYMz3GluK,"['indie poptimism', 'modern rock', 'pop']",2017,0,0.148,0.671,237720,0.673,5.29e-05,11,0.304,-6.941,0,0.0444,121.963,4,0.494
246,Pretty Girl - Cheat Codes X CADE Remix,Maggie Lindemann,1NDxZ7cFAo481dtYWdrUnR,"['dance pop', 'pop', 'post-teen pop', 'social media pop', 'viral pop']",2017,0,0.15,0.703,193613,0.868,0.132,7,0.104,-4.661,0,0.0291,121.03,4,0.733
248,See You Again (feat. Kali Uchis),"Tyler, The Creator",7KA4W4McWYRpgf0fWsJZWB,"['hip hop', 'rap']",2017,0,0.371,0.558,180387,0.559,7.49e-06,6,0.109,-9.222,1,0.0959,78.558,4,0.62
249,Barking,Ramz,2U5cq89GCnsR1yixKkC8d5,"['london rap', 'swedish gangsta rap', 'uk hip hop']",2017,0,0.185,0.45,202827,0.465,0.0,7,0.0782,-7.867,0,0.268,70.231,3,0.788
250,White Noise - 500 hz,Granular,65rkHetZXO6DQmBh3C2YtW,"['sleep', 'white noise']",2017,0,0.923,0.0,147097,4.98e-05,0.297,10,0.11,-32.354,0,0.0,0.0,0,0.0
252,I Got Love,MiyaGi & Endspiel,5rwsJbBNa8SfPW4oFA1GjP,"['estonian hip hop', 'russian hip hop', 'russian trap', 'uzbek pop']",2017,0,0.146,0.665,276688,0.872,0.0,5,0.15,-4.361,1,0.199,106.035,4,0.233
253,Chanel,Frank Ocean,6Nle9hKrkL1wQpwNfEkxjh,"['alternative r&b', 'hip hop', 'lgbtq+ hip hop', 'neo soul', 'pop']",2017,0,0.874,0.776,210285,0.503,0.0,0,0.112,-5.732,0,0.237,110.134,4,0.473
254,Lie,NF,07FkzikE6FuHIa8Ma7zJGc,"['hip hop', 'pop rap', 'rap']",2017,0,0.161,0.513,209213,0.661,0.0,5,0.246,-6.419,1,0.24,94.791,4,0.179
256,Glorious (feat. Skylar Grey),Macklemore,0CokSRCu5hZgPxcZBaEzVE,['pop rap'],2017,0,0.0323,0.731,220454,0.794,2.59e-05,0,0.112,-5.126,0,0.0522,139.994,4,0.356
257,Baby Shark,Pinkfong,5ygDXis42ncn6kYG14lEVG,"['cartoon', ""children's music"", 'dong-yo']",2017,0,0.259,0.829,80927,0.886,0.0,8,0.0559,-1.746,1,0.112,115.056,4,0.777
258,Chantaje (feat. Maluma),Shakira,6mICuAdrwEjh6Y6lroV2Kg,"['colombian pop', 'dance pop', 'latin', 'latin pop', 'pop']",2017,0,0.187,0.852,195840,0.773,3.05e-05,8,0.159,-2.921,0,0.0776,102.034,4,0.907
259,Clean White Noise - Loopable with no fade,Erik Eriksson,2bRKxuH1o7pTmb1y4GfdEc,['background music'],2017,0,0.791,0.0,90228,0.00342,1.0,8,0.111,-28.46,1,0.0,0.0,0,0.0
260,If You Want Love,NF,3i5qVV8azKqGFK4Gzdt5YS,"['hip hop', 'pop rap', 'rap']",2017,0,0.659,0.551,199387,0.386,0.0,0,0.125,-10.22,1,0.132,116.409,1,0.245
261,Next To Me,Imagine Dragons,31VOknKjFrEX47bZXzqcoF,"['modern rock', 'rock']",2017,0,0.28,0.301,230289,0.672,3.1e-05,2,0.0609,-4.497,1,0.0623,169.497,3,0.384
263,Shluk MiKetzev,Maor Edri,7lIXfphu0guzuQtbeK4kZU,['israeli mediterranean'],2017,0,0.208,0.733,219467,0.854,0.0,0,0.071,-5.021,0,0.0517,100.023,4,0.8
264,YuNg BrAtZ,XXXTENTACION,2ooF4088y5L72c4YTEJQoB,"['emo rap', 'miami hip hop']",2017,0,0.0179,0.755,101851,0.695,0.0,9,0.107,-5.963,1,0.26,128.063,4,0.493
265,Weak,AJR,3BuLtAmXKy5uQYl4ED1zBT,['modern rock'],2017,0,0.137,0.673,201160,0.637,0.0,5,0.184,-4.518,1,0.0429,123.98,4,0.678
267,Legends Never Die,League of Legends,1FpVJ7HpZInE2GvhVE2TwT,['video game music'],2017,0,0.00786,0.498,235000,0.598,0.0,4,0.111,-6.638,0,0.0377,140.078,4,0.0573
268,"That's My N**** (with Meek Mill, YG & Snoop Dogg)",Meek Mill,3i1B1PnsfnOQPGVIzhf1lr,"['hip hop', 'philly rap', 'pop rap', 'rap', 'southern hip hop', 'trap']",2017,0,0.11,0.723,199747,0.732,0.0,11,0.484,-5.514,1,0.0864,104.991,4,0.503
270,Canopée,Polo & Pan,260V7huyJrXnyYe0dFv2Fa,"['dark disco', 'french indie pop', 'french indietronica', 'new french touch']",2017,0,0.0942,0.704,276293,0.692,0.0109,5,0.0922,-6.558,0,0.0304,96.005,4,0.369
271,Clean White Noise - Loopable With No Fade,Erik Eriksson,4FWXadcW3tLjCyF59YkaUI,['background music'],2017,0,0.791,0.0,90228,0.00342,1.0,8,0.111,-28.46,1,0.0,0.0,0,0.0
272,Ze Shelanu,Nathan Goshen,366VDvNfPOQenya7Cz7fWB,['israeli pop'],2017,0,0.408,0.596,205560,0.687,2.69e-06,0,0.104,-6.083,0,0.0263,129.966,4,0.662
273,Nowadays (feat. Landon Cube),Lil Skies,2u7mxWSeoqTXndK5e08jMp,"['melodic rap', 'pop rap', 'rap', 'trap']",2017,0,0.157,0.745,203908,0.646,0.0,6,0.338,-6.987,0,0.17,79.993,4,0.46
274,Roll In Peace (feat. XXXTENTACION),Kodak Black,40oKW22ZNNkEdZLJTScaQI,"['florida rap', 'hip hop', 'melodic rap', 'miami hip hop', 'rap', 'southern hip hop', 'trap']",2017,0,0.0306,0.747,213132,0.524,0.0,10,0.2,-6.807,0,0.245,140.053,4,0.363
277,Lomedet Lalechet,Nasrin Kadri,61yUaVbYf9SkZnam9B2E4P,['israeli mediterranean'],2017,0,0.612,0.625,222945,0.503,0.0,11,0.383,-9.297,1,0.0465,145.844,4,0.393
278,One Day,Tomer Yeshayahu,53AbDIBiehXNHpHHXlHHqm,"['classic israeli pop', 'israeli rock']",2017,0,0.07,0.412,246112,0.716,0.0031,6,0.0559,-6.962,1,0.0315,139.585,4,0.75
280,Naked,James Arthur,7krbSH3rd8lhIZvuzTV3Bl,"['pop', 'post-teen pop', 'talent show', 'uk pop']",2017,0,0.104,0.529,234107,0.607,0.0,6,0.0631,-6.781,1,0.0574,101.966,4,0.238
282,Sorry,Halsey,44n97yHySt0Z9rqPaXgjCK,"['dance pop', 'electropop', 'etherpop', 'indie poptimism', 'pop', 'post-teen pop']",2017,0,0.913,0.513,220541,0.25,0.0,5,0.117,-9.376,0,0.0367,74.103,4,0.351
283,Sunflower,Rex Orange County,4EpZ4eYuZOwPSSwyqpdHnJ,"['bedroom pop', 'indie r&b', 'pop']",2017,0,0.646,0.384,252231,0.765,0.00352,6,0.522,-4.463,1,0.0579,129.903,4,0.567
284,Falling,Trevor Daniel,4TnjEaWOeW0eKTKIEvJyCa,"['alternative r&b', 'melodic rap', 'pop rap']",2018,0,0.123,0.784,159382,0.43,0.0,10,0.0887,-8.756,0,0.0364,127.087,4,0.236
286,lovely (with Khalid),Billie Eilish,0u2P5u6lvoDfwTYjAADbn4,"['electropop', 'pop']",2018,0,0.934,0.351,200186,0.296,0.0,4,0.095,-10.109,0,0.0333,115.284,4,0.12
288,Shallow,Lady Gaga,2VxeLyX666F8uXCJ0dZF8B,"['dance pop', 'pop', 'post-teen pop']",2018,0,0.371,0.572,215733,0.385,0.0,7,0.231,-6.362,1,0.0308,95.799,4,0.323
289,Hope,XXXTENTACION,2ZRo7axmMPeSVUvDbGkJah,"['emo rap', 'miami hip hop']",2018,0,0.661,0.592,110886,0.457,0.000331,9,0.146,-6.081,0,0.0603,146.04,4,0.225
292,Sweet but Psycho,Ava Max,25sgk305KZfyuqVBQIahim,"['dance pop', 'pop', 'post-teen pop', 'tropical house']",2018,0,0.0691,0.719,187436,0.704,0.0,1,0.166,-4.724,1,0.0476,133.002,4,0.628
293,High Hopes,Panic! At The Disco,1rqqCSm0Qe4I9rUvWncaom,"['baroque pop', 'emo', 'modern rock']",2018,0,0.193,0.579,190947,0.904,0.0,5,0.064,-2.729,1,0.0618,82.014,4,0.681
295,Let Me Down Slowly,Alec Benjamin,2qxmye6gAegTMjLKEBoR3d,['pop'],2018,0,0.74,0.652,169354,0.557,0.0,1,0.124,-5.714,0,0.0318,150.073,4,0.483
296,Powerful,Red Band,6bIZYCeCEixok9C8DtlI8P,['israeli rock'],2018,0,0.369,0.742,215556,0.865,9.93e-06,11,0.0899,-4.703,0,0.246,144.035,4,0.703
301,Without Me,Halsey,5p7ujcrUXASCNwRaWNHR1C,"['dance pop', 'electropop', 'etherpop', 'indie poptimism', 'pop', 'post-teen pop']",2018,0,0.297,0.752,201661,0.488,9.11e-06,6,0.0936,-7.05,1,0.0705,136.041,4,0.533
303,2002,Anne-Marie,2BgEsaKNfHUdlh97KmvFyo,"['dance pop', 'pop', 'post-teen pop', 'tropical house', 'uk pop']",2018,0,0.0372,0.697,186987,0.683,0.0,1,0.137,-2.881,0,0.117,96.133,4,0.603
304,Going Bad (feat. Drake),Meek Mill,2IRZnDFmlqMuOrYOLnZZyc,"['hip hop', 'philly rap', 'pop rap', 'rap', 'southern hip hop', 'trap']",2018,0,0.259,0.889,180522,0.496,0.0,4,0.252,-6.365,0,0.0905,86.003,4,0.544
305,Sunflower - Spider-Man: Into the Spider-Verse,Post Malone,3KkXRkHbMCARz0aVfEt68P,"['dfw rap', 'melodic rap', 'rap']",2018,0,0.556,0.76,158040,0.479,0.0,2,0.0703,-5.574,1,0.0466,89.911,4,0.913
308,Legends,Juice WRLD,1Knctxx9vGZxpZfF66BIEa,"['chicago rap', 'melodic rap']",2018,0,0.115,0.594,191840,0.798,0.0,4,0.143,-5.244,1,0.0844,142.049,4,0.381
310,Get You The Moon (feat. Snøw),Kina,4ZLzoOkj0MPWrTLvooIuaa,[],2018,0,0.72,0.498,179080,0.235,0.0,1,0.144,-16.541,0,0.188,118.917,4,0.0895
312,Happy Now,Kygo,14sOS5L36385FJ3OL8hew4,"['edm', 'pop', 'tropical house']",2018,0,0.374,0.693,211362,0.575,0.0,9,0.252,-6.998,1,0.0801,117.999,4,0.492
313,Murder On My Mind,YNW Melly,7eBqSVxrzQZtK2mmgRG6lC,['melodic rap'],2018,0,0.145,0.759,268434,0.73,3.06e-06,0,0.11,-7.985,0,0.0516,115.007,4,0.74
314,Bad Liar,Imagine Dragons,2RSHsoi04658QL5xgQVov3,"['modern rock', 'rock']",2018,0,0.0722,0.383,260773,0.637,0.0,3,0.368,-6.993,1,0.0703,177.913,4,0.0827
319,the remedy for a broken heart (why am I so in love),XXXTENTACION,4UKCKdYiLN6IMA5ZESUTL7,"['emo rap', 'miami hip hop']",2018,0,0.779,0.699,160184,0.304,0.000993,1,0.137,-11.192,1,0.0993,119.705,4,0.271
320,FML,Arizona Zervas,6lruHh1jF7ezgbLv72xYmf,['pop rap'],2018,0,0.113,0.822,223000,0.575,0.0,5,0.106,-5.95,1,0.0934,100.087,4,0.616
321,Falling Down - Bonus Track,Lil Peep,4jvjzW7Hm0yK4LvvE0Paz9,"['emo rap', 'lgbtq+ hip hop']",2018,0,0.0175,0.669,196400,0.574,0.00294,4,0.146,-6.442,0,0.0286,120.013,4,0.273
323,All Girls Are The Same,Juice WRLD,4VXIryQMWpIdGgYR4TrjT1,"['chicago rap', 'melodic rap']",2018,0,0.0769,0.671,165820,0.529,0.000335,0,0.0856,-7.226,1,0.307,161.989,4,0.203
325,Say My Name,David Guetta,0YammaEkYSeo9vQYZ1OwS6,"['dance pop', 'edm', 'pop']",2018,0,0.137,0.703,198947,0.66,0.0,10,0.192,-5.119,0,0.123,95.031,4,0.79
326,In My Mind,Dynoro,0E9ZjEAyAwOXZ7wJC0PD33,"['edm', 'tropical house']",2018,0,0.176,0.694,184560,0.77,1.1e-05,6,0.118,-5.335,1,0.149,125.905,4,0.163
327,"Taki Taki (with Selena Gomez, Ozuna & Cardi B)",DJ Snake,4w8niZpiMy6qz1mntFA5uM,"['dance pop', 'edm', 'electronic trap', 'pop']",2018,0,0.157,0.842,212500,0.801,4.82e-06,8,0.0642,-4.167,0,0.228,95.881,4,0.617
328,Close To Me (with Diplo) (feat. Swae Lee),Ellie Goulding,5JEx7HbmvHQQswJCsoo9rA,"['dance pop', 'edm', 'metropopolis', 'pop', 'post-teen pop', 'tropical house', 'uk pop']",2018,0,0.0969,0.574,182623,0.758,0.0,1,0.395,-5.029,0,0.0621,144.111,4,0.492
330,ZEZE (feat. Travis Scott & Offset),Kodak Black,0FZ4Dmg8jJJAPJnvBIzD9z,"['florida rap', 'hip hop', 'melodic rap', 'miami hip hop', 'rap', 'southern hip hop', 'trap']",2018,0,0.0521,0.861,228760,0.603,0.0,8,0.0924,-5.788,0,0.176,98.043,4,0.504
331,Lucky You (feat. Joyner Lucas),Eminem,60SdxE8apGAxMiRrpbmLY0,"['detroit hip hop', 'g funk', 'hip hop', 'rap']",2018,0,0.0627,0.876,244679,0.786,0.0,10,0.127,-4.884,0,0.306,153.068,4,0.575
333,Swervin (feat. 6ix9ine),A Boogie Wit da Hoodie,1wJRveJZLSb1rjhnUHQiv6,"['melodic rap', 'pop rap', 'rap', 'trap']",2018,0,0.0153,0.581,189487,0.662,0.0,9,0.111,-5.239,1,0.303,93.023,4,0.434
334,Back To You - From 13 Reasons Why – Season 2 Soundtrack,Selena Gomez,4hQ6UGyWQIGJmHSo0J88JW,"['dance pop', 'pop', 'post-teen pop']",2018,0,0.0945,0.601,207905,0.724,1.68e-06,6,0.12,-4.856,1,0.0486,102.061,4,0.508
335,Noticed,Lil Mosey,7zLYKWcXnYeHHWidalz7rj,"['melodic rap', 'rap', 'rap conscient', 'trap', 'vapor trap']",2018,0,0.462,0.699,165000,0.558,0.0,11,0.116,-7.622,1,0.0603,79.992,4,0.493
336,Better,Eden,1QNinVbaAYIkaenkQVmwnB,['eurovision'],2018,0,0.536,0.536,203619,0.579,0.0,6,0.0632,-4.096,0,0.0645,77.473,4,0.313
338,I'm a Mess,Bebe Rexha,04ZTP5KsCypmtCmQg5tH9R,"['dance pop', 'pop', 'post-teen pop']",2018,0,0.00281,0.63,195519,0.694,0.0,11,0.0719,-6.257,0,0.0253,97.005,4,0.216
339,Comme ci comme ca,Stephane legar,0poi1IyVFRKXI2jvHmdaIa,"['israeli hip hop', 'israeli pop']",2018,0,0.124,0.835,171636,0.719,0.0,1,0.144,-5.553,1,0.131,128.012,4,0.904
340,Mo Bamba,Sheck Wes,1xzBco0xcoJEDXktl7Jxrr,"['rap', 'trap', 'underground hip hop', 'vapor trap']",2018,0,0.194,0.729,183907,0.625,0.00986,4,0.248,-5.266,1,0.0315,146.034,4,0.261
341,Drip Too Hard (Lil Baby & Gunna),Lil Baby,78QR3Wp35dqAhFEc2qAGjE,"['atl hip hop', 'atl trap', 'rap']",2018,0,0.0852,0.897,145543,0.662,0.0,1,0.534,-6.903,0,0.292,112.511,4,0.389
343,3 Nights,Dominic Fike,1tNJrcVe6gwLEiZCtprs1u,"['alternative pop rock', 'pop']",2018,0,0.223,0.815,177667,0.518,0.0,7,0.104,-6.594,0,0.0897,151.891,4,0.877
345,Nothing Breaks Like a Heart (feat. Miley Cyrus),Mark Ronson,27rdGxbavYJeBphck5MZAF,"['dance pop', 'pop', 'post-teen pop']",2018,0,0.00987,0.601,217467,0.794,1.36e-06,7,0.388,-5.844,0,0.0671,114.066,4,0.244
346,BUTTERFLY EFFECT,Travis Scott,2cYqizR4lgvp4Qu6IQ3qGN,['rap'],2018,0,0.0531,0.763,190557,0.628,0.0,11,0.114,-5.85,1,0.05,140.958,4,0.193
347,Beautiful (feat. Camila Cabello),Bazzi,4VUwkH455At9kENOfzTqmF,"['pop', 'post-teen pop']",2018,0,0.346,0.638,180000,0.717,0.0,2,0.105,-4.722,1,0.0337,100.027,4,0.249
348,Happy Now,Zedd,4keoy2fqgwGnbWlm3ZVZFa,"['complextro', 'dance pop', 'edm', 'electro house', 'german techno', 'pop', 'post-teen pop', 'tropical house']",2018,0,0.579,0.503,207030,0.741,1.49e-06,4,0.0712,-5.128,1,0.047,88.335,3,0.458
349,Allah Ma'ak,Maor Edri,38weg8UtFTFYvNonT4h7vv,['israeli mediterranean'],2018,0,0.0864,0.786,208800,0.761,0.0,2,0.0686,-4.503,0,0.0538,99.944,4,0.653
350,Детство,Rauf & Faik,381kyofsIJKajRfX9iKLs8,['russian pop'],2018,0,0.634,0.719,188362,0.607,7.76e-06,10,0.111,-7.323,0,0.0398,149.969,4,0.48
351,Mama (feat. Ellie Goulding),Clean Bandit,3WDIhWoRWVcaHdRwMEHkkS,"['dance pop', 'edm', 'pop', 'post-teen pop', 'tropical house', 'uk dance', 'uk funky']",2018,0,0.225,0.737,189973,0.714,3.79e-06,1,0.267,-6.138,0,0.0367,102.046,4,0.608
352,Solo (feat. Demi Lovato),Clean Bandit,6kPJZM97LwdG9QIsT7khp6,"['dance pop', 'edm', 'pop', 'post-teen pop', 'tropical house', 'uk dance', 'uk funky']",2018,0,0.0441,0.737,222653,0.636,6.66e-05,11,0.35,-4.546,0,0.0437,105.005,4,0.565
353,Be Alright,Dean Lewis,3EPXxR3ImUwfayaurPi3cm,"['australian pop', 'pop']",2018,0,0.697,0.553,196373,0.586,0.0,11,0.0813,-6.319,1,0.0362,126.684,4,0.443
355,Promises (with Sam Smith),Calvin Harris,5N5k9nd479b1xpDZ4usjrg,"['dance pop', 'edm', 'electro house', 'house', 'pop', 'progressive house', 'tropical house', 'uk dance']",2018,0,0.0119,0.781,213309,0.768,4.91e-06,11,0.325,-5.991,1,0.0394,123.07,4,0.486
356,"Fire On Fire - From ""Watership Down""",Sam Smith,5rFj8OzffT0iggSjcBaeND,"['pop', 'post-teen pop', 'uk pop']",2018,0,0.476,0.584,246735,0.407,0.0,1,0.18,-7.356,0,0.046,115.124,4,0.341
357,You Are The Reason,Calum Scott,69vToJ9BMbbLlFZo7k7A7B,"['pop', 'viral pop']",2018,0,0.918,0.331,204326,0.235,0.0,10,0.137,-7.7,1,0.0299,171.232,3,0.218
358,Dancing On My Own,Calum Scott,2BOqDYLOJBiMOXShCV1neZ,"['pop', 'viral pop']",2018,0,0.839,0.682,260285,0.173,3.26e-05,1,0.0983,-8.749,1,0.0314,112.663,4,0.236
359,Armed And Dangerous,Juice WRLD,5wujBwqG7INdStqGd4tRMX,"['chicago rap', 'melodic rap']",2018,0,0.186,0.736,169999,0.67,0.0,10,0.114,-6.702,1,0.311,130.032,4,0.845
360,Praise The Lord (Da Shine) (feat. Skepta),A$AP Rocky,7ycWLEP1GsNjVvcjawXz3z,"['east coast hip hop', 'hip hop', 'pop rap', 'rap', 'trap']",2018,0,0.0609,0.85,205040,0.569,0.0816,5,0.1,-8.152,0,0.136,80.02,4,0.294
361,Lean Wit Me,Juice WRLD,3oDkdAySo1VQQG0ptV7uwa,"['chicago rap', 'melodic rap']",2018,0,0.0414,0.665,175755,0.651,0.0,1,0.0896,-5.515,1,0.156,163.935,4,0.237
362,a lot,21 Savage,2t8yVaLvJ0RenpXUIAC52d,"['atl hip hop', 'rap', 'trap']",2018,0,0.0395,0.837,288624,0.636,0.00125,1,0.342,-7.643,1,0.086,145.972,4,0.274
363,Kiss and Make Up,Dua Lipa,7jr3iPu4O4bTCVwLMbdU2i,"['dance pop', 'pop', 'uk pop']",2018,0,0.0658,0.678,189173,0.729,0.0,8,0.303,-4.188,1,0.137,99.895,4,0.643
364,Roses (with Juice WRLD feat. Brendon Urie),benny blanco,1KVczjazCcCCgM3gXXUl47,"['pop', 'pop rap', 'post-teen pop']",2018,0,0.168,0.612,223543,0.601,0.0,8,0.117,-7.089,1,0.164,147.018,4,0.525
365,Chlorine,Twenty One Pilots,23OXdR7YuUBVWh5hSnYJau,"['modern rock', 'rock']",2018,0,0.0735,0.609,324467,0.674,0.06,10,0.345,-7.388,0,0.0548,90.009,4,0.315
366,Woman Like Me (feat. Nicki Minaj),Little Mix,222B3aljXx6fFwKmFjuBED,"['dance pop', 'girl group', 'pop', 'post-teen pop', 'talent show', 'uk pop']",2018,0,0.177,0.754,229720,0.854,0.0,5,0.0808,-3.449,0,0.0608,75.002,4,0.8
367,Flames,David Guetta,33IOhptvC2Qoy2UhjiHXLV,"['dance pop', 'edm', 'pop']",2018,0,0.0723,0.609,195000,0.726,8.45e-06,5,0.0895,-4.346,0,0.0414,93.958,4,0.362
368,This Feeling,The Chainsmokers,4NBTZtAt1F13VvlSKe6KTl,"['electropop', 'pop', 'tropical house']",2018,0,0.0558,0.575,197947,0.571,0.0,1,0.0912,-7.906,1,0.0439,105.049,4,0.449
369,Rise,Jonas Blue,3u1S1OmAUhx5DRlLrXqyp3,"['dance pop', 'edm', 'pop', 'tropical house', 'uk dance']",2018,0,0.323,0.69,194408,0.784,0.0,1,0.203,-4.653,1,0.032,106.066,4,0.669
370,REMEDY,Alesso,6jreFSOTUAViWjKyzOC4Kg,"['big room', 'dance pop', 'edm', 'electro house', 'pop', 'progressive electro house', 'progressive house', 'tropical house']",2018,0,0.269,0.601,190295,0.775,0.0,0,0.0883,-4.612,1,0.0473,119.964,4,0.483
372,Faded,Alan Walker,698ItKASDavgwZ3WjaWjtz,['electro house'],2018,0,0.0281,0.468,212107,0.627,7.97e-06,6,0.11,-5.085,1,0.0476,179.642,4,0.159
374,MIA (feat. Drake),Bad Bunny,116H0KvKr2Zl4RPuVBruDO,"['latin', 'reggaeton', 'trap latino']",2018,0,0.0141,0.817,210368,0.539,0.000496,6,0.099,-6.349,0,0.0621,97.062,4,0.158
376,Jackie Chan,Tiësto,4kWO6O1BUXcZmaxitpVUwp,"['big room', 'brostep', 'dance pop', 'dutch edm', 'edm', 'electro house', 'house', 'trance', 'tropical house']",2018,0,0.374,0.747,215760,0.834,0.0,3,0.0586,-2.867,0,0.045,128.005,4,0.687
377,Youth (feat. Khalid),Shawn Mendes,1h0yImRPIVAjhhHeNVlTuC,"['canadian pop', 'pop', 'post-teen pop', 'viral pop']",2018,0,0.56,0.534,190867,0.596,0.0,6,0.133,-6.653,0,0.117,100.121,4,0.324
378,comethru,Jeremy Zucker,18uwL0vNUanqZH0ro2QcOP,"['pop', 'post-teen pop']",2018,0,0.607,0.795,181613,0.178,0.0,0,0.623,-11.991,1,0.0574,93.982,4,0.608
379,Self Care,Mac Miller,5bJ1DrEM4hNCafcDd1oxHx,"['hip hop', 'pittsburgh rap', 'rap']",2018,0,0.367,0.52,345133,0.538,0.00187,1,0.119,-8.109,1,0.206,141.894,4,0.177
380,Everyday,Logic,4EAV2cKiqKP5UPZmY6dejk,"['conscious hip hop', 'dmv rap', 'hip hop', 'pop rap', 'rap']",2018,0,0.0425,0.667,204747,0.741,0.0,1,0.0761,-4.099,1,0.0378,149.908,4,0.422
381,Can We Kiss Forever?,Kina,58wyJLv6yH1La9NIZPl3ne,[],2018,0,0.894,0.522,187932,0.128,0.026,4,0.0941,-18.717,1,0.0357,109.986,4,0.124
382,Tadow,Masego,51rPRW8NjxZoWPPjnRGzHw,"['alternative r&b', 'indie soul']",2018,0,0.669,0.704,301893,0.487,8.64e-05,9,0.111,-6.407,0,0.0604,121.726,4,0.313
383,breathin,Ariana Grande,4OafepJy2teCjYJbvFE60J,"['dance pop', 'pop', 'post-teen pop']",2018,0,0.0211,0.568,198160,0.656,1.37e-05,8,0.213,-5.413,1,0.0433,100.049,4,0.364
385,Djadja,Aya Nakamura,7sKDftgGirHWTVFMtJoDoh,['basshall'],2018,0,0.0617,0.829,171133,0.797,0.0,5,0.112,-5.428,1,0.109,97.972,4,0.549
386,Glow Now,Marina Maximilian,4bxWLeQxTDbSH5Hi79F2NI,['israeli pop'],2018,0,0.409,0.576,198860,0.726,2.31e-06,5,0.155,-6.286,0,0.0553,144.958,4,0.544
387,Ruin My Life,Zara Larsson,5tAa8Uaqr4VvA3693mbIhU,"['dance pop', 'edm', 'pop', 'post-teen pop', 'scandipop', 'swedish electropop', 'swedish pop', 'tropical house', 'uk pop']",2018,0,0.423,0.665,190932,0.699,0.0,11,0.0969,-5.265,1,0.0578,124.896,4,0.585
388,STARGAZING,Travis Scott,7wBJfHzpfI3032CSD7CE2m,['rap'],2018,0,0.00947,0.487,270715,0.789,4.05e-06,8,0.189,-3.69,1,0.044,150.007,4,0.0564
389,Candy,Doja Cat,1VJwtWR6z7SpZRwipI12be,"['la indie', 'pop']",2018,0,0.513,0.689,190920,0.516,0.0,8,0.163,-5.857,1,0.0444,124.876,4,0.209
393,Electricity (with Dua Lipa),Silk City,5N4erncE7kuUccm7zEmwzk,"['edm', 'house']",2018,0,0.0104,0.588,238173,0.67,3.33e-06,0,0.338,-6.439,1,0.0473,118.159,4,0.505
394,September,"Earth, Wind & Fire",7Cuk8jsPPoNYQWXK9XRFvG,"['disco', 'funk', 'jazz funk', 'motown', 'quiet storm', 'soul']",2018,0,0.165,0.694,215080,0.831,0.000892,9,0.25,-7.288,1,0.0301,125.901,4,0.98
395,YOSEMITE,Travis Scott,7lAK3oHbfEnvUQWosrMMpR,['rap'],2018,0,0.283,0.785,150043,0.554,3.4e-06,0,0.116,-6.571,1,0.0409,128.047,4,0.144
396,Someone You Loved,Lewis Capaldi,2TIlqbIneP0ZY1O0EzYLlc,"['pop', 'uk pop']",2018,0,0.751,0.501,182161,0.405,0.0,1,0.105,-5.679,1,0.0319,109.891,4,0.446
398,I Love,Joyner Lucas,30z4LVkScpeNhwHFIB8Ewa,"['boston hip hop', 'hip hop', 'pop rap', 'rap']",2018,0,0.274,0.671,210197,0.565,6.51e-05,11,0.37,-7.401,0,0.16,150.014,4,0.561
399,Always Remember Us This Way,Lady Gaga,2rbDhOo9Fh61Bbu23T2qCk,"['dance pop', 'pop', 'post-teen pop']",2018,0,0.299,0.553,210200,0.502,0.0,0,0.764,-5.972,1,0.0409,129.976,4,0.296
400,Polaroid,Jonas Blue,1wsLHgXJ4SKIfd5ePSX1hD,"['dance pop', 'edm', 'pop', 'tropical house', 'uk dance']",2018,0,0.293,0.652,193377,0.897,0.0,7,0.0722,-4.481,0,0.036,114.033,4,0.475
401,Shotgun,George Ezra,4ofwffwvvnbSkrMSCKQDaC,"['folk-pop', 'neo-singer-songwriter', 'pop']",2018,0,0.286,0.672,201287,0.735,0.0,5,0.242,-4.733,1,0.0457,115.741,4,0.754
402,River,Bishop Briggs,3mRLHiSHYtC8Hk7bzZdUs1,"['electropop', 'modern alternative rock', 'modern rock', 'pop']",2018,0,0.302,0.733,216133,0.477,2.97e-06,2,0.0579,-6.737,0,0.0687,62.507,4,0.545
403,Born To Be Yours,Kygo,0kHyKhJMukHEPfeh8s7rdM,"['edm', 'pop', 'tropical house']",2018,0,0.3,0.688,193321,0.688,0.0,3,0.0982,-5.84,1,0.0357,114.011,4,0.451
404,bitches broken hearts,Billie Eilish,5t3Vk8bRKylx4fjj7qlbib,"['electropop', 'pop']",2018,0,0.919,0.777,176472,0.422,0.00877,0,0.0958,-10.114,1,0.0482,120.041,4,0.187
405,"These Days (feat. Jess Glynne, Macklemore & Dan Caplen)",Rudimental,5CLGzJsGqhCEECcpnFQA8x,"['dance pop', 'edm', 'liquid funk', 'pop', 'tropical house', 'uk dance', 'uk funky']",2018,0,0.194,0.653,210773,0.809,0.0,0,0.165,-4.057,1,0.0474,92.213,4,0.55
406,Toy,Netta,6n2eIfLj0wOOUkUfNmYzlh,"['eurovision', 'israeli pop']",2018,0,0.0696,0.786,180231,0.712,0.0,3,0.236,-5.349,0,0.0677,130.144,4,0.795
407,High On Life (feat. Bonn),Martin Garrix,4ut5G4rgB1ClpMTMfjoIuy,"['big room', 'edm', 'pop', 'progressive house', 'tropical house']",2018,0,0.0129,0.414,230762,0.486,0.0,6,0.111,-6.431,0,0.0311,128.038,4,0.368
408,Myself,Bazzi,5YLHLxoZsodDWjqSgjhBf3,"['pop', 'post-teen pop']",2018,0,0.465,0.745,167553,0.561,1.12e-06,9,0.0338,-5.513,0,0.072,195.918,4,0.902
409,Lost In Japan,Shawn Mendes,79esEXlqqmq0GPz0xQSZTV,"['canadian pop', 'pop', 'post-teen pop', 'viral pop']",2018,0,0.255,0.713,201200,0.738,0.0,10,0.106,-6.784,1,0.374,105.027,4,0.425
410,Faucet Failure,Ski Mask The Slump God,1ThmUihH9dF8EV08ku5AXN,"['miami hip hop', 'rap', 'trap', 'underground hip hop']",2018,0,0.111,0.935,145627,0.552,0.0,10,0.0952,-9.373,0,0.335,99.993,4,0.615
411,Look Back at It,A Boogie Wit da Hoodie,3Ol2xnObFdKV9pmRD2t9x8,"['melodic rap', 'pop rap', 'rap', 'trap']",2018,0,0.407,0.791,179449,0.587,0.0,3,0.148,-5.075,0,0.0413,96.057,4,0.536
412,SLOW DANCING IN THE DARK,Joji,0rKtyWc8bvkriBthvHKY8d,"['alternative r&b', 'viral pop']",2018,0,0.544,0.515,209274,0.479,0.00598,3,0.191,-7.458,1,0.0261,88.964,4,0.284
